<beans:beans xmlns="http://www.springframework.org/schema/security"
	xmlns:beans="http://www.springframework.org/schema/beans" xmlns:xsi="http://www.w3.org/2001/XMLSchema-instance"
	xsi:schemaLocation="http://www.springframework.org/schema/beans
	http://www.springframework.org/schema/beans/spring-beans-3.0.xsd
	http://www.springframework.org/schema/security
	http://www.springframework.org/schema/security/spring-security-3.2.xsd">

	<!-- enable use-expressions -->
	<http auto-config="true">
		<intercept-url pattern="/user**" access="ROLE_ADMIN" />
		<intercept-url pattern="/device**" access="ROLE_ADMIN" />
		<intercept-url pattern="/manage/listRequest**" access="ROLE_ADMIN" />
		<intercept-url pattern="/manage/listBorrow**" access="ROLE_ADMIN" />
		
		<access-denied-handler error-page="/main/403.html" />
		<form-login
			login-page="/main.html" 
			default-target-url="/main/welcome.html"
			authentication-failure-url="/main/login.html?error"
			username-parameter="username"  
			password-parameter="password"
		 />
		<logout logout-success-url="/main/login.html?logout" />
		<csrf/>
	</http>

	<!-- Select users and user_roles from database -->
	<authentication-manager>
		<authentication-provider>
			<jdbc-user-service data-source-ref="myDataSource"
 
		   users-by-username-query="
		     SELECT username, password, CASE enable WHEN 1 THEN 'true' ELSE 'false' END 'ENABLED'
		     FROM user 
		     WHERE username=?;"
 
		   authorities-by-username-query="
		    SELECT u.username, u.role 
			FROM user u
			WHERE u.username=?;"
 
			/>
		</authentication-provider>
	</authentication-manager>
	
</beans:beans>